word_id,word,sense_no,level
bulk-0001,あ,全て,発展
bulk-0002,あかし(明かし),全て,発展
bulk-0003,あかず(飽かず),全て,標準
bulk-0004,あかなくに(飽かなくに),全て,発展
bulk-0005,あきらむ(明らむ),全て,発展
bulk-0006,あきる(呆る),全て,標準
bulk-0007,あく(飽く),全て,標準
bulk-0008,あさましくなる,全て,発展
bulk-0009,あさむ,全て,標準
bulk-0010,あし,全て,発展
bulk-0011,あした(朝),全て,標準
bulk-0012,あしこ,全て,発展
bulk-0013,あそばす(遊ばす),全て,標準
bulk-0014,あそび(遊び),全て,標準
bulk-0015,あそぶ(遊ぶ),全て,標準
bulk-0016,あだあだし,全て,発展
bulk-0017,あだなり(徒なり),全て,標準
bulk-0018,あたら,全て,発展
bulk-0019,あたらし(惜し),全て,標準
bulk-0020,あぢきなし,全て,標準
bulk-0021,あつかふ(扱ふ),全て,標準
bulk-0022,あてなり(貴なり),全て,発展
bulk-0023,あてやかなり,全て,発展
bulk-0024,あんない(案内),全て,標準
bulk-0025,あなかしこ(~禁止),全て,標準
bulk-0026,あながちなり(強ちなり),全て,標準
bulk-0027,あはす,全て,発展
bulk-0028,あはれ,全て,基礎
bulk-0029,あはれがる,全て,発展
bulk-0030,あはれむ,全て,発展
bulk-0031,あふ(合・会・逢ふ / 敢ふ),1,基礎
bulk-0031,あふ(合・会・逢ふ / 敢ふ),2,発展
bulk-0032,あへて(敢へて)(~打消),全て,標準
bulk-0033,あへなし(敢へ無し),全て,標準
bulk-0034,あやし(怪し・賤し),1,基礎
bulk-0034,あやし(怪し・賤し),2,標準
bulk-0035,あまた(数多),全て,基礎
bulk-0036,あやなし(文無し),全て,発展
bulk-0037,あやめ(文目),全て,発展
bulk-0038,あらはなり(顕なり),全て,標準
bulk-0039,あらまし,全て,標準
bulk-0040,あり,全て,基礎
bulk-0041,ありく(歩く),全て,基礎
bulk-0042,ありつる,全て,発展
bulk-0043,あるじ(主・饗),1,標準
bulk-0043,あるじ(主・饗),2,発展
bulk-0044,あれ,全て,発展
bulk-0045,あれかにもあらず,全て,発展
bulk-0046,あれかひとか,全て,発展
bulk-0047,いうなり(優なり),全て,発展
bulk-0048,いかでか,全て,基礎
bulk-0049,いかがはせむ,全て,標準
bulk-0050,いとしもあらず,全て,発展
bulk-0051,いとしもなし,全て,発展
bulk-0052,いとどし,全て,発展
bulk-0053,いとま(暇),全て,基礎
bulk-0054,いはむかたなし(言はむ方なし),全て,標準
bulk-0055,いぶかし,全て,標準
bulk-0056,いふかひなくなる,全て,発展
bulk-0057,いふかひなし,全て,標準
bulk-0058,いたづらになる,全て,発展
bulk-0059,いたはる,全て,標準
bulk-0060,いちのひと(一の人),全て,発展
bulk-0061,いつ,全て,発展
bulk-0062,いづかた,全て,発展
bulk-0063,いづく,全て,発展
bulk-0064,いづこ,全て,発展
bulk-0065,いづち,全て,発展
bulk-0066,いづれ,全て,発展
bulk-0067,いときなし,全て,発展
bulk-0068,いとけなし,全て,標準
bulk-0069,言ふばかりなし・言ふはかりなし,全て,発展
bulk-0070,(と)いふもおろかなり,全て,標準
bulk-0071,(と)いふもさらなり(言ふも更なり),全て,標準
bulk-0072,(と)いふもなかなかなり,全て,発展
bulk-0073,(と)いふもなべてなり,全て,発展
bulk-0074,(と)いふも世の常なり,全て,発展
bulk-0075,(と)いへばおろかなり,全て,標準
bulk-0076,(と)いへば世の常なり,全て,発展
bulk-0077,いへばさらなり,全て,標準
bulk-0078,いま(今),全て,標準
bulk-0079,いかにもなる,全て,発展
bulk-0080,いざさせ給へ,全て,発展
bulk-0081,いさ~知らず,全て,発展
bulk-0082,いざ給へ,全て,発展
bulk-0083,いそぎ(急ぎ),全て,基礎
bulk-0084,いそぐ(急ぐ),全て,基礎
bulk-0085,いたし(甚し・痛し),全て,基礎
bulk-0086,いだす(出だす),全て,発展
bulk-0087,いたづらなり(徒らなり),全て,発展
bulk-0088,いまいまし(忌ま忌まし),全て,標準
bulk-0089,いますかり・いますがり,全て,発展
bulk-0090,いまそかり・いまそがり,全て,発展
bulk-0091,今はかう,全て,発展
bulk-0092,今は限り,全て,発展
bulk-0093,いも(妹),全て,標準
bulk-0094,いやし,全て,標準
bulk-0095,いらふ(答ふ),全て,発展
bulk-0096,いらへ,全て,発展
bulk-0097,色に出づ,全て,発展
bulk-0098,寝を寝,全て,発展
bulk-0099,うし(憂し),全て,基礎
bulk-0100,失ふ,全て,発展
bulk-0101,うしろめたなし,全て,発展
bulk-0102,うしろやすし,全て,発展
bulk-0103,失す,全て,発展
bulk-0104,うそぶく,全て,発展
bulk-0105,うち(内裏・内),全て,発展
bulk-0106,うち出だす,全て,発展
bulk-0107,うち出づ,全て,発展
bulk-0108,うちとく,全て,発展
bulk-0109,うつくし(美し),全て,基礎
bulk-0110,うつつ(現),全て,標準
bulk-0111,うつろふ(移ろふ),全て,標準
bulk-0112,うへ(上),全て,標準
bulk-0113,うべ(宜),全て,標準
bulk-0114,うべなり(宜なり),全て,標準
bulk-0115,うらなし(心なし),全て,発展
bulk-0116,うるさし,全て,発展
bulk-0117,うれふ(愁ふ・憂ふ),全て,発展
bulk-0118,うれへ(愁へ・憂へ),全て,発展
bulk-0119,え(~打消),全て,基礎
bulk-0120,詠ず,全て,発展
bulk-0121,えならず,全て,発展
bulk-0122,えもいはず,全て,発展
bulk-0123,おきつ(掟つ),全て,発展
bulk-0124,おくる(後る・遅る),全て,標準
bulk-0125,おこす,全て,標準
bulk-0126,おこたり(怠り),全て,標準
bulk-0127,おこたる(怠る),全て,標準
bulk-0128,おこなひ,全て,標準
bulk-0129,おこなふ(行ふ),全て,基礎
bulk-0130,おとうと(弟),全て,発展
bulk-0131,おとづる,全て,標準
bulk-0132,おとと(弟),全て,発展
bulk-0133,おとなし(大人し),全て,標準
bulk-0134,おとなふ,全て,発展
bulk-0135,音に聞く,全て,発展
bulk-0136,おどろかす,全て,発展
bulk-0137,おどろく(驚く),全て,基礎
bulk-0138,おの,全て,発展
bulk-0139,おのづから(自ら),全て,基礎
bulk-0140,おのれ,全て,発展
bulk-0141,大内山,全て,発展
bulk-0142,おほかた(大方)(~打消),全て,標準
bulk-0143,おぼえ(覚え),全て,発展
bulk-0144,思し召す,全て,標準
bulk-0145,仰す,全て,標準
bulk-0146,仰せ,全て,標準
bulk-0147,おぼつかなし(覚束無し),全て,標準
bulk-0148,おほどかなり,全て,発展
bulk-0149,おほとのごもる(大殿籠る),全て,発展
bulk-0150,おほやけ(公),全て,標準
bulk-0151,おぼゆ(覚ゆ),全て,基礎
bulk-0152,おぼろけならず,全て,標準
bulk-0153,御前,全て,標準
bulk-0154,おもしろし,全て,基礎
bulk-0155,思はずなり,全て,発展
bulk-0156,思ほす,全て,発展
bulk-0157,およすく,全て,発展
bulk-0158,おろかなり(疎かなり),全て,基礎
bulk-0159,おんのごもる(御殿籠る),全て,発展
bulk-0160,か,全て,発展
bulk-0161,かいまみ(垣間見),全て,発展
bulk-0162,かいまみる(垣間見る),全て,発展
bulk-0163,かかり,全て,発展
bulk-0164,かかるほどに,全て,発展
bulk-0165,かかれど,全て,発展
bulk-0166,かかれば,全て,発展
bulk-0167,かきくらす(掻き暗す),全て,発展
bulk-0168,かぎり(限り),全て,基礎
bulk-0169,かぎりなし,全て,発展
bulk-0170,隠る,全て,発展
bulk-0171,かげ(影・陰),全て,標準
bulk-0172,かけて(~打消),全て,標準
bulk-0173,かけても(~打消),全て,発展
bulk-0174,かこつ(託つ),全て,発展
bulk-0175,かごと(託言),全て,発展
bulk-0176,かごとがまし,全て,発展
bulk-0177,かごとばかり,全て,発展
bulk-0178,飾り下ろす,全て,発展
bulk-0179,かしこ,全て,発展
bulk-0180,かしこし(畏し・賢し),全て,基礎
bulk-0181,かしこまる(畏まる),全て,標準
bulk-0182,頭下ろす,全て,発展
bulk-0183,数ならず,全て,発展
bulk-0184,数にもあらず,全て,発展
bulk-0185,かたじけなし(忝し),全て,基礎
bulk-0186,かたち(形・容貌),全て,基礎
bulk-0187,かたちを変ふ,全て,発展
bulk-0188,かたへ(片方),全て,標準
bulk-0189,かたほなり,全て,発展
bulk-0190,かたみに(互に),全て,標準
bulk-0191,かたらふ(語らふ),全て,基礎
bulk-0192,かづく(被く),1,標準
bulk-0192,かづく(被く),2,発展
bulk-0193,かづく(潜く),全て,標準
bulk-0194,かづけもの,全て,発展
bulk-0195,かなしうす,全て,発展
bulk-0196,かなた,全て,発展
bulk-0197,かまへて(~打消・禁止),全て,標準
bulk-0198,かりそめなり,全て,標準
bulk-0199,かる(離る),全て,標準
bulk-0200,消え入る,全て,発展
bulk-0201,聞こえ,全て,標準
bulk-0202,聞こし召す,全て,標準
bulk-0203,聞こえさす,全て,発展
bulk-0204,きは(際),全て,標準
bulk-0206,消ゆ,全て,発展
bulk-0207,清げなり,全て,発展
bulk-0208,清らなり,全て,発展
bulk-0209,くちをし(口惜し),全て,標準
bulk-0210,くどく(口説く),全て,発展
bulk-0211,隈,全て,標準
bulk-0212,くまなし(隈無し),全て,発展
bulk-0213,雲居,全て,発展
bulk-0214,雲の上,全て,発展
bulk-0215,くるしからず,全て,発展
bulk-0216,け(故),全て,発展
bulk-0217,けし(怪し・異し),全て,標準
bulk-0218,けしうはあらず,全て,発展
bulk-0219,けしうはなし,全て,発展
bulk-0220,けしからず,全て,標準
bulk-0221,けしき(気色),全て,基礎
bulk-0222,気色立つ,全て,発展
bulk-0223,けしきばかり,全て,発展
bulk-0224,気色ばむ,全て,発展
bulk-0225,けぢめ,全て,発展
bulk-0226,けに,全て,発展
bulk-0227,げに(実に),全て,基礎
bulk-0228,けやけし,全て,発展
bulk-0229,見参に入る,全て,発展
bulk-0230,こ,全て,発展
bulk-0231,こうず(困ず),全て,発展
bulk-0233,さはり(障り),全て,発展
bulk-0234,さはる(障る),全て,発展
bulk-0235,さばれ,全て,発展
bulk-0236,さぶらふ(候ふ),全て,基礎
bulk-0237,さま(様),全て,標準
bulk-0238,さまばかり,全て,発展
bulk-0239,様を変ふ,全て,発展
bulk-0240,さらずは,全て,発展
bulk-0241,さらで,全て,標準
bulk-0242,さらでだに,全て,発展
bulk-0243,さらでは,全て,発展
bulk-0244,さらでも,全て,発展
bulk-0245,さらなり(更なり),全て,基礎
bulk-0246,さらに(更に)(~打消),全て,基礎
bulk-0247,さらにもあらず,全て,発展
bulk-0248,さらにもいはず,全て,標準
bulk-0249,さらぬ(然らぬ・避らぬ),1,標準
bulk-0249,さらぬ(然らぬ・避らぬ),2,発展
bulk-0250,さり,全て,基礎
bulk-0251,さりとて,全て,発展
bulk-0252,さりとも,全て,発展
bulk-0253,さればこそ,全て,発展
bulk-0254,さればよ,全て,発展
bulk-0255,しかしながら,全て,発展
bulk-0256,しからば,全て,発展
bulk-0257,しかり,全て,基礎
bulk-0258,しかるに,全て,基礎
bulk-0259,しかるべき,全て,発展
bulk-0260,しかるを,全て,発展
bulk-0261,しかれども,全て,発展
bulk-0262,しげし(繁し・茂し),全て,標準
bulk-0263,しだい(次第),全て,発展
bulk-0264,しな(品),全て,発展
bulk-0265,しのぶ(忍ぶ・偲ぶ),1,標準
bulk-0265,しのぶ(忍ぶ・偲ぶ),2,標準
bulk-0266,しほたる(潮垂る),全て,発展
bulk-0267,知る,全て,発展
bulk-0268,しるし(著し),全て,標準
bulk-0269,しるし(験・徴),全て,標準
bulk-0270,姿を変ふ,全て,発展
bulk-0271,すき(好き),全て,発展
bulk-0272,すきずきし,全て,発展
bulk-0273,さりながら,全て,発展
bulk-0274,さりぬべき,全て,発展
bulk-0275,さる(避る・去る),1,標準
bulk-0275,さる(避る・去る),2,発展
bulk-0276,さる(然る),全て,標準
bulk-0277,さることにて,全て,発展
bulk-0278,さるべき,全て,基礎
bulk-0279,さるべきにや(ありけむ),全て,発展
bulk-0280,さるものにて,全て,発展
bulk-0281,さるほどに,全て,発展
bulk-0282,されば,全て,発展
bulk-0283,心地,全て,標準
bulk-0284,九重,全て,標準
bulk-0285,こころあり,全て,発展
bulk-0286,心憂し,全て,発展
bulk-0287,心置く,全て,発展
bulk-0288,こころぐるし(心苦し),全て,標準
bulk-0289,こころざし(心ざし・志),全て,標準
bulk-0290,こころづくし(心尽くし),全て,発展
bulk-0291,こころなし,全て,標準
bulk-0292,心の闇,全て,発展
bulk-0293,心ばせ,全て,発展
bulk-0294,心ばへ,全て,発展
bulk-0295,心まうけ,全て,発展
bulk-0296,こころもとなし(心許無し),全て,標準
bulk-0297,こころやまし,全て,発展
bulk-0298,こころやる,全て,発展
bulk-0299,こころゆく,全て,発展
bulk-0300,こころをやる,全て,発展
bulk-0301,こしらふ,全て,発展
bulk-0302,こち,全て,標準
bulk-0303,こちなし,全て,発展
bulk-0304,こと(言),全て,標準
bulk-0305,ことごとし,全て,発展
bulk-0306,ことなり(異なり),全て,標準
bulk-0307,ことに(殊に),全て,基礎
bulk-0308,ことわり(理),全て,基礎
bulk-0309,ことわりなり,全て,発展
bulk-0310,ことわる,全て,発展
bulk-0311,このかみ(兄),全て,発展
bulk-0312,御覧ず,全て,標準
bulk-0313,御覧ぜさす,全て,発展
bulk-0314,さうなし(双無し),全て,標準
bulk-0315,さうなし(左右なし),全て,標準
bulk-0316,さうらふ(候ふ),全て,基礎
bulk-0317,才,全て,発展
bulk-0318,さかし(賢し),全て,標準
bulk-0319,さかしら,全て,発展
bulk-0320,さしいらへ,全て,発展
bulk-0321,(動詞+)さす,全て,発展
bulk-0322,させる,全て,発展
bulk-0323,さだめて(定めて)(~推量),全て,発展
bulk-0324,さて(然て),全て,標準
bulk-0325,さてしもあらず,全て,発展
bulk-0326,さてしもあるべきことならず,全て,発展
bulk-0327,さながら(然ながら),全て,発展
bulk-0328,すごし(凄し),全て,発展
bulk-0329,すさびごと,全て,発展
bulk-0330,すさぶ(荒ぶ・進ぶ・遊ぶ),全て,発展
bulk-0331,すずろなり(漫ろなり),全て,標準
bulk-0332,ずちなし(術無し),全て,発展
bulk-0333,すなはち(即ち・則ち・乃ち),全て,基礎
bulk-0334,すまふ(争ふ・辞ふ),全て,発展
bulk-0335,住む,全て,発展
bulk-0336,せ(背),全て,発展
bulk-0337,せうと(兄人),全て,発展
bulk-0338,せうそこ(消息),全て,標準
bulk-0339,せきあへず(塞き敢へず),全て,発展
bulk-0340,せちなり(切なり),全て,発展
bulk-0341,せむかたなし,全て,発展
bulk-0342,そ,全て,発展
bulk-0343,そこはかとなし,全て,発展
bulk-0344,そこばく,全て,発展
bulk-0345,そこら,全て,発展
bulk-0346,そぞろなり(漫ろなり),全て,標準
bulk-0347,そち,全て,発展
bulk-0348,そのことなく,全て,発展
bulk-0349,そばめにかく,全て,発展
bulk-0350,そらごと(空言・虚言),全て,発展
bulk-0351,それがし,全て,発展
bulk-0352,た,全て,発展
bulk-0353,たいだいし,全て,発展
bulk-0354,当時,全て,発展
bulk-0355,たうぶ(給ぶ),全て,発展
bulk-0356,たぐふ,全て,発展
bulk-0357,たえて(絶えて)(~打消),全て,標準
bulk-0358,絶え入る,全て,発展
bulk-0359,ただならずなる,全て,発展
bulk-0360,たづき(方便),全て,発展
bulk-0361,尋ぬ,全て,発展
bulk-0362,たのし,全て,発展
bulk-0363,たのみ,全て,発展
bulk-0364,たのむ(頼む),1,基礎
bulk-0364,たのむ(頼む),2,発展
bulk-0365,たのめ,全て,発展
bulk-0366,頼もし,全て,発展
bulk-0367,たばかる(謀る),全て,発展
bulk-0368,たぶ(給ぶ),全て,発展
bulk-0369,たまはす(給はす・賜はす),全て,発展
bulk-0370,たまはる(賜はる・給はる),全て,基礎
bulk-0371,ためし(例),全て,標準
bulk-0372,絶ゆ,全て,発展
bulk-0373,たより(頼り・便り),全て,基礎
bulk-0374,たれ,全て,発展
bulk-0375,力なし,全て,発展
bulk-0376,ちぎり(契り),全て,標準
bulk-0377,つきなし,全て,発展
bulk-0378,つきごろ(月頃),全て,発展
bulk-0379,つかうまつる(仕うまつる),全て,発展
bulk-0380,つかまつる(仕まつる),全て,発展
bulk-0381,つかはす(遣はす),全て,基礎
bulk-0382,ついで(序),全て,標準
bulk-0383,つつまし,全て,標準
bulk-0384,つつむ(慎む),全て,標準
bulk-0385,つま(夫・妻),全て,基礎
bulk-0386,つま(端),全て,標準
bulk-0387,罪,全て,標準
bulk-0388,つやつや(~打消),全て,発展
bulk-0389,つゆ(露)(~打消),全て,基礎
bulk-0390,つゆけし(露けし),全て,発展
bulk-0391,つらし(辛し),全て,基礎
bulk-0392,つれづれなり(徒然なり),全て,基礎
bulk-0393,手習ひ,全て,発展
bulk-0394,とが(咎・科),全て,発展
bulk-0395,とかう,全て,発展
bulk-0396,とかく,全て,発展
bulk-0397,ときしもあれ,全て,発展
bulk-0398,ときにあふ,全て,発展
bulk-0399,ときめかす,全て,標準
bulk-0400,ときめく(時めく),全て,標準
bulk-0401,ところえ(所得),全て,発展
bulk-0402,ところせし(所狭し),全て,発展
bulk-0403,とし(疾し),全て,標準
bulk-0404,としごろ(年頃・年比・年来),全て,標準
bulk-0405,とはおろかなり,全て,発展
bulk-0406,とばかり,全て,発展
bulk-0407,問ふ,全て,発展
bulk-0408,とぶらふ(訪ふ・弔ふ),1,標準
bulk-0408,とぶらふ(訪ふ・弔ふ),2,標準
bulk-0409,とは世の常なり,全て,発展
bulk-0410,とみなり(頓なり),全て,発展
bulk-0411,とみに,全て,発展
bulk-0412,ともかくもなる,全て,発展
bulk-0413,とりあへず,全て,発展
bulk-0414,な,全て,発展
bulk-0415,名,全て,標準
bulk-0416,な~そ,全て,発展
bulk-0417,なかなか,全て,基礎
bulk-0418,なかなかなり(中々なり),全て,発展
bulk-0419,ながむ(眺む・詠む),1,標準
bulk-0419,ながむ(眺む・詠む),2,発展
bulk-0420,なさけあり,全て,標準
bulk-0421,なさけなし,全て,発展
bulk-0422,なじかは,全て,発展
bulk-0423,なぞ(何ぞ),全て,発展
bulk-0424,なでふ,全て,発展
bulk-0425,などか,全て,発展
bulk-0426,などて,全て,発展
bulk-0427,などもおろかなり,全て,発展
bulk-0428,などもよの常なり,全て,発展
bulk-0429,なに(何),全て,発展
bulk-0430,名に負ふ,全て,発展
bulk-0431,なにか(何か),全て,発展
bulk-0432,なにがし,全て,発展
bulk-0433,何かはせむ,全て,発展
bulk-0434,名にし負ふ,全て,発展
bulk-0435,なにしに(何しに),全て,発展
bulk-0436,なのめなり(斜めなり),全て,発展
bulk-0437,なのめならず,全て,発展
bulk-0438,なべてならず,全て,発展
bulk-0439,なほ(猶),全て,基礎
bulk-0440,なほざりなり,全て,発展
bulk-0441,なまめく,全て,標準
bulk-0442,なやむ(悩む),全て,標準
bulk-0443,ならひ(慣らひ),全て,標準
bulk-0444,ならふ(慣らふ・馴らふ),全て,発展
bulk-0445,なれ,全て,発展
bulk-0446,なんぢ,全て,発展
bulk-0447,なんでう(何条),全て,発展
bulk-0448,なんでふ,全て,発展
bulk-0449,二なし,全て,発展
bulk-0450,にくし,全て,基礎
bulk-0451,にほひ(匂ひ),全て,標準
bulk-0452,にほふ(匂ふ),全て,標準
bulk-0453,のがり,全て,発展
bulk-0454,のたまふ(宣ふ),全て,基礎
bulk-0455,のたまはす(宣はす),全て,発展
bulk-0456,ねんず(念ず),全て,基礎
bulk-0457,ねんごろなり(懇ろなり),全て,標準
bulk-0458,ねもごろなり(懇ろなり),全て,発展
bulk-0459,音を泣く,全て,発展
bulk-0460,音に泣く,全て,発展
bulk-0461,ねたし(妬し),全て,標準
bulk-0462,はかなくなる,全て,発展
bulk-0463,はかる(謀る),全て,発展
bulk-0464,~ばこそあらめ,全て,発展
bulk-0465,はしたなむ,全て,発展
bulk-0466,はた,全て,発展
bulk-0467,はづかし(恥づかし),全て,標準
bulk-0468,はべり(侍り),全て,基礎
bulk-0469,はらから(同胞),全て,発展
bulk-0470,ひがごと(僻事),全て,発展
bulk-0471,ひがひがし,全て,発展
bulk-0472,ひぐらし(日暮らし),全て,発展
bulk-0473,ひごろ(日頃),全て,標準
bulk-0474,人となる,全て,発展
bulk-0475,一日(ひとひ),全て,標準
bulk-0476,ひとやりならず,全て,発展
bulk-0477,ひとわろし(人悪し),全て,発展
bulk-0478,ひねもす(終日),全て,発展
bulk-0479,ひま(隙・暇),全て,標準
bulk-0480,日一日,全て,発展
bulk-0481,びんなし(便無し),全て,発展
bulk-0482,ふびんなり(不便なり),全て,発展
bulk-0483,ふみ(文・書),全て,標準
bulk-0484,ふるさと(古里・故郷),全て,標準
bulk-0485,ほど(程),全て,基礎
bulk-0486,ほだし(絆),全て,発展
bulk-0487,ほいなし(本意なし),全て,標準
bulk-0488,ほい(本意),全て,標準
bulk-0489,まうく(設く),全て,標準
bulk-0490,まうけ,全て,発展
bulk-0491,まうけの君,全て,発展
bulk-0492,まうづ(詣づ),全て,発展
bulk-0493,まかづ(罷づ),全て,発展
bulk-0494,まかる(罷る),全て,発展
bulk-0495,まこと(真),全て,標準
bulk-0496,ます,全て,発展
bulk-0497,ましま(す),全て,発展
bulk-0498,まだき,全て,発展
bulk-0499,またし(全し),全て,発展
bulk-0500,まだし(未し),全て,発展
bulk-0501,又なし,全て,発展
bulk-0502,またの,全て,発展
bulk-0503,まどふ(惑ふ),全て,基礎
bulk-0504,まねぶ(学ぶ),全て,発展
bulk-0505,まぼる(守る),全て,標準
bulk-0506,~ままに,全て,発展
bulk-0507,まめなり(実なり・忠実なり),全て,標準
bulk-0508,まめまめし,全て,発展
bulk-0509,まめやかなり(実やかなり・忠実やかなり),全て,発展
bulk-0510,まもる(守る),全て,基礎
bulk-0511,まろ,全て,発展
bulk-0512,まゐる(参る),全て,基礎
bulk-0513,みいだす(見出だす),全て,発展
bulk-0514,見入る,全て,発展
bulk-0515,御髪下ろす,全て,発展
bulk-0516,みそかなり(密かなり),全て,発展
bulk-0517,みづから(自ら),全て,標準
bulk-0518,身罷る,全て,発展
bulk-0519,みめ(見目),全て,発展
bulk-0520,みゆき(行幸・御幸),全て,発展
bulk-0521,昔の人,全て,発展
bulk-0522,むくつけし,全て,発展
bulk-0523,むげなり(無下なり),全て,標準
bulk-0524,むすぶ(結ぶ・掬ぶ),1,標準
bulk-0524,むすぶ(結ぶ・掬ぶ),2,標準
bulk-0525,むつかる,全て,発展
bulk-0526,むなしくなる,全て,発展
bulk-0527,むべなり(宜なり),全て,標準
bulk-0528,むべ(宜),全て,標準
bulk-0529,めざまし(目覚まし),全て,標準
bulk-0530,目もあやなり,全て,発展
bulk-0531,めやすし(目安し),全て,標準
bulk-0532,もとどり切る,全て,発展
bulk-0533,求む,全て,発展
bulk-0534,ものぐるほし,全て,標準
bulk-0535,ものし,全て,発展
bulk-0536,ものす(物す),全て,基礎
bulk-0537,ものもおぼえず,全て,発展
bulk-0538,百敷,全て,発展
bulk-0539,やう(様),全て,標準
bulk-0540,やうやう(漸う),全て,基礎
bulk-0541,やうやく(漸く),全て,基礎
bulk-0542,~やおそきと,全て,発展
bulk-0543,やくなし(益なし),全て,標準
bulk-0544,やごとなし,全て,発展
bulk-0545,やさし(恥し・優し),全て,標準
bulk-0546,めづらし,全て,標準
bulk-0547,めづ(愛づ),全て,発展
bulk-0548,やすらふ(休らふ),全て,発展
bulk-0549,やつる,全て,発展
bulk-0550,やはら(柔ら・和ら),全て,発展
bulk-0551,やむ(止む),全て,標準
bulk-0552,やや,全て,発展
bulk-0553,やらん,全て,発展
bulk-0554,やるかたなし(遣る方なし),全て,発展
bulk-0555,やる(遣る),全て,発展
bulk-0556,やる(破る),全て,発展
bulk-0557,やをら(柔ら・和ら),全て,発展
bulk-0558,やんごとなし,全て,標準
bulk-0559,ゆめ(~打消・禁止),全て,標準
bulk-0560,ゆめゆめ(~打消・禁止),全て,標準
bulk-0561,ゆゑ(故),全て,基礎
bulk-0562,世(よ),全て,基礎
bulk-0563,よし(由),全て,基礎
bulk-0564,よしあり,全て,発展
bulk-0565,よしづく,全て,発展
bulk-0566,よしなし(由無し),全て,標準
bulk-0567,よしなしごと,全て,標準
bulk-0568,よしばむ,全て,発展
bulk-0569,世にあり,全て,発展
bulk-0570,よに(~打消),全て,基礎
bulk-0571,世の中,全て,標準
bulk-0572,よばふ(呼ばふ),全て,発展
bulk-0573,夜一夜,全て,発展
bulk-0574,よろこび(喜び),全て,発展
bulk-0575,よろこび申し,全て,発展
bulk-0576,よろづ(万),全て,基礎
bulk-0577,世を出づ,全て,発展
bulk-0578,世を厭ふ,全て,発展
bulk-0579,世を捨つ,全て,発展
bulk-0580,世を背く,全て,発展
bulk-0581,世を遁る,全て,発展
bulk-0582,世を離る,全て,発展
bulk-0583,らうがはし,全て,発展
bulk-0584,らうたげなり,全て,標準
bulk-0585,らうらうじ(労労じ),全て,発展
bulk-0586,例ならず,全て,発展
bulk-0587,例の,全て,発展
bulk-0588,料,全て,発展
bulk-0589,ろく(禄),全て,標準
bulk-0590,わ,全て,発展
bulk-0591,わきがたし,全て,発展
bulk-0592,わく(分く),全て,発展
bulk-0593,わざ(業),全て,標準
bulk-0594,わざとならず,全て,発展
bulk-0595,私,全て,発展
bulk-0596,わたす,全て,発展
bulk-0597,わたる(渡る),全て,基礎
bulk-0598,わづらふ,全て,基礎
bulk-0599,わびし(侘びし),全て,標準
bulk-0600,わぶ(侘ぶ),全て,標準
bulk-0601,われ,全て,基礎
bulk-0602,われかにもあらず,全て,発展
bulk-0603,われかひとか,全て,発展
bulk-0604,ゐる(居る・率る),1,基礎
bulk-0604,ゐる(居る・率る),2,標準
bulk-0605,をこ,全て,発展
bulk-0606,をこがまし,全て,発展
bulk-0607,をこなり(痴なり・烏許なり・尾籠なり),全て,発展
bulk-0608,をさをさ(~打消),全て,発展
bulk-0609,をさをさし(長長し),全て,発展
bulk-0610,男手,全て,発展
bulk-0611,男になる,全て,発展
bulk-0612,女手,全て,発展
v18-0001,ゆかし,1,基礎
v18-0001,ゆかし,2,標準
