id,word,meaning,pos,conj,level
bulk-0001,あ,このわたし・あの人,名,—,基礎
bulk-0002,あかし(明かし),明るい,形,—,標準
bulk-0003,あかず(飽かず),満足しない・飽きることがない,慣用句,—,標準
bulk-0004,あかなくに(飽かなくに),満足していないのに・名残惜しいのに,慣用句,—,標準
bulk-0005,あきらむ(明らむ),明らかにする,動,—,標準
bulk-0006,あきる(呆る),途方に暮れる,動,—,標準
bulk-0007,あく(飽く),満足する・飽きる,動,—,標準
bulk-0008,あさましくなる,死ぬ,言い換え語(慣用句),—,発展
bulk-0009,あさむ,驚く・あきれる,動,—,発展
bulk-0010,あし,悪い,形,—,基礎
bulk-0011,あした(朝),朝・翌朝,名,—,標準
bulk-0012,あしこ,あそこ,名,—,標準
bulk-0013,あそばす(遊ばす),(何かを)なさる,敬動,—,標準
bulk-0014,あそび(遊び),管弦の遊び,名,—,標準
bulk-0015,あそぶ(遊ぶ),管弦を楽しむ,動,—,標準
bulk-0016,あだあだし,不誠実だ・浮気だ,形,—,発展
bulk-0017,あだなり(徒なり),はかない・浮気だ,形動,—,標準
bulk-0018,あたら,惜しむべき・惜しいことに,連体・副,—,発展
bulk-0019,あたらし(惜し),惜しい,形,—,標準
bulk-0020,あぢきなし,おもしろくない・つまらない,形,—,発展
bulk-0021,あつかふ(扱ふ),面倒を見る・もてあます,動,—,標準
bulk-0022,あてなり(貴なり),高貴である・上品である,形動,—,発展
bulk-0023,あてやかなり,高貴だ・上品だ,形動,—,発展
bulk-0024,あんない(案内),内容・事情・取り次ぎ,名,—,標準
bulk-0025,あなかしこ(~禁止),決して(~するな),副,—,発展
bulk-0026,あながちなり(強ちなり),強引だ・むやみに,形動,—,発展
bulk-0027,あはす,結婚させる,動,—,発展
bulk-0028,あはれ,ああ,感,—,基礎
bulk-0029,あはれがる,心に深く感じる,動,—,発展
bulk-0030,あはれむ,心に深く感じる,動,—,発展
bulk-0031,あふ(合・会・逢ふ / 敢ふ),A結婚する B(動詞につき、打消を伴い)耐えられない・(打消を伴い)~きれない,動,—,標準
bulk-0032,あへて(敢へて)(~打消),まったく(~ない),副,—,発展
bulk-0033,あへなし(敢へ無し),落胆している・はかない,形,—,発展
bulk-0034,あやし(怪し・賤し),A不思議だ B身分が低い・粗末だ,形,—,標準
bulk-0035,あまた(数多),たくさん,副,—,基礎
bulk-0036,あやなし(文無し),わけがわからない,形,—,発展
bulk-0037,あやめ(文目),(物事の)道理,名,—,発展
bulk-0038,あらはなり(顕なり),まる見えである,形動,—,基礎
bulk-0039,あらまし,予想・期待,名,—,基礎
bulk-0040,あり,ある・いる・(ものごとを)する,動,—,基礎
bulk-0041,ありく(歩く),出歩く・~しまわる・~続ける,動,—,基礎
bulk-0042,ありつる,先程の,連体,—,標準
bulk-0043,あるじ(主・饗),A主人 Bもてなし,名,—,標準
bulk-0044,あれ,このわたし・あの人,名,—,標準
bulk-0045,あれかにもあらず,呆然としている,慣用句,—,発展
bulk-0046,あれかひとか,呆然としている,慣用句,—,発展
bulk-0047,いうなり(優なり),優れている・優雅である,形動,—,発展
bulk-0048,いかでか,どうして(~だろうか)・どうして(~だろうか、いや、~ない)・なんとかして(~よう・~たい),副,—,標準
bulk-0049,いかがはせむ,どうしようもない,慣用句,—,標準
bulk-0050,いとしもあらず,たいしたこともない,慣用句,—,発展
bulk-0051,いとしもなし,たいしたこともない,慣用句,—,発展
bulk-0052,いとどし,いっそうはなはだしい,形,—,発展
bulk-0053,いとま(暇),暇・(仕事を)休むこと,名,—,基礎
bulk-0054,いはむかたなし(言はむ方なし),言いようもない,慣用句,—,標準
bulk-0055,いぶかし,気がかりだ・もっと知りたい,形,—,標準
bulk-0056,いふかひなくなる,死ぬ,言い換え語(慣用句),—,発展
bulk-0057,いふかひなし,言ってもいかいがない・つまらない・取るに足りない,慣用句,—,発展
bulk-0058,いたづらになる,死ぬ,言い換え語(慣用句),—,発展
bulk-0059,いたはる,病気で苦しむ・苦労する,動,—,標準
bulk-0060,いちのひと(一の人),摂政・関白,慣用句,—,発展
bulk-0061,いつ,いつ,名,—,基礎
bulk-0062,いづかた,どちら,名,—,基礎
bulk-0063,いづく,どこ,名,—,基礎
bulk-0064,いづこ,どこ,名,—,基礎
bulk-0065,いづち,どちら,名,—,基礎
bulk-0066,いづれ,どれ,名,—,基礎
bulk-0067,いときなし,幼い,形,—,標準
bulk-0068,いとけなし,幼い,形,—,標準
bulk-0069,言ふばかりなし・言ふはかりなし,言いようもない,慣用句,—,標準
bulk-0070,(と)いふもおろかなり,(~という言葉では)言い尽くせない,慣用句,—,標準
bulk-0071,(と)いふもさらなり(言ふも更なり),言うまでもない,慣用句,—,標準
bulk-0072,(と)いふもなかなかなり,(~という言葉では)言い尽くせない,慣用句,—,標準
bulk-0073,(と)いふもなべてなり,(~という言葉では)言い尽くせない,慣用句,—,標準
bulk-0074,(と)いふも世の常なり,(~という言葉では)言い尽くせない,慣用句,—,標準
bulk-0075,(と)いへばおろかなり,(~という言葉では)言い尽くせない,慣用句,—,標準
bulk-0076,(と)いへば世の常なり,(~という言葉では)言い尽くせない,慣用句,—,標準
bulk-0077,いへばさらなり,言うまでもない,慣用句,—,標準
bulk-0078,いま(今),すぐに・もう,副,—,標準
bulk-0079,いかにもなる,死ぬ,言い換え語(慣用句),—,標準
bulk-0080,いざさせ給へ,さあいらっしゃい,慣用句,—,基礎
bulk-0081,いさ~知らず,さあ、~分からない,慣用句,—,標準
bulk-0082,いざ給へ,さあいらっしゃい,慣用句,—,基礎
bulk-0083,いそぎ(急ぎ),準備,名,—,基礎
bulk-0084,いそぐ(急ぐ),準備する,動,—,標準
bulk-0085,いたし(甚し・痛し),すばらしい・ひどい・はなはだしく・(いたく(う)の形で打消を伴って)それほど,形,—,標準
bulk-0086,いだす(出だす),歌を詠む,動,—,基礎
bulk-0087,いたづらなり(徒らなり),役に立たない・むなしい,形動,—,標準
bulk-0088,いまいまし(忌ま忌まし),不吉だ,形,—,標準
bulk-0089,いますかり・いますがり,いらっしゃる・~(て)いらっしゃる,敬動,—,標準
bulk-0090,いまそかり・いまそがり,いらっしゃる・~(て)いらっしゃる,敬動,—,標準
bulk-0091,今はかう,もはやこれまで,慣用句,—,標準
bulk-0092,今は限り,もはやこれまで,慣用句,—,標準
bulk-0093,いも(妹),いとしいあなた,名,—,標準
bulk-0094,いやし,身分が低い・みすぼらしい,形,—,標準
bulk-0095,いらふ(答ふ),答える,動,—,基礎
bulk-0096,いらへ,返事・返答,名,—,発展
bulk-0097,色に出づ,(こらえきれず)表情に出る,慣用句,—,発展
bulk-0098,寝を寝,寝る,慣用句,—,発展
bulk-0099,うし(憂し),つらい・いやだ,形,—,標準
bulk-0100,失ふ,殺す,動,—,標準
bulk-0101,うしろめたなし,気がかりだ,形,—,発展
bulk-0102,うしろやすし,安心だ,形,—,発展
bulk-0103,失す,死ぬ,言い換え語(動),—,発展
bulk-0104,うそぶく,歌を詠む,動,—,発展
bulk-0105,うち(内裏・内),宮中・帝,名,—,発展
bulk-0106,うち出だす,歌を詠む,動,—,発展
bulk-0107,うち出づ,歌を詠む,動,—,発展
bulk-0108,うちとく,くつろぐ・油断する,動,—,発展
bulk-0109,うつくし(美し),かわいい,形,—,標準
bulk-0110,うつつ(現),現実・正気,名,—,標準
bulk-0111,うつろふ(移ろふ),色あせる,動,—,基礎
bulk-0112,うへ(上),帝・(貴人の)奥様,名,—,標準
bulk-0113,うべ(宜),なるほど,副,—,標準
bulk-0114,うべなり(宜なり),もっともだ,形動,—,標準
bulk-0115,うらなし(心なし),(心の内を)包み隠すことがない,形,—,標準
bulk-0116,うるさし,煩わしい・立派だ,形,—,発展
bulk-0117,うれふ(愁ふ・憂ふ),(嘆き)訴える,動,—,発展
bulk-0118,うれへ(愁へ・憂へ),訴え,名,—,発展
bulk-0119,え(~打消),(下に打消を伴い)(~する)ことができない,副,—,基礎
bulk-0120,詠ず,歌を詠む,動,—,標準
bulk-0121,えならず,言いようもない・言いようもなくすばらしい,慣用句,—,発展
bulk-0122,えもいはず,言いようもない・言いようもなくすばらしい,慣用句,—,発展
bulk-0123,おきつ(掟つ),決めておく・指図する,動,—,基礎
bulk-0124,おくる(後る・遅る),先立たれる,動,—,発展
bulk-0125,おこす,よこす,動,—,基礎
bulk-0126,おこたり(怠り),(過失の)おわび・謝罪,名,—,発展
bulk-0127,おこたる(怠る),病気が治る,動,—,標準
bulk-0128,おこなひ,仏道修行,名,—,発展
bulk-0129,おこなふ(行ふ),仏道修行をする,動,—,基礎
bulk-0130,おとうと(弟),妹,名,—,発展
bulk-0131,おとづる,訪ねる,動,—,基礎
bulk-0132,おと(弟),妹,名,—,発展
bulk-0133,おとなし(大人し),思慮分別がある・主だっている,形,—,発展
bulk-0134,おとなふ,訪ねる,動,—,発展
bulk-0135,音に聞く,噂に聞く,慣用句,—,発展
bulk-0136,おどろかす,起こす・(はっと)気づかせる,動,—,基礎
bulk-0137,おどろく(驚く),目を覚ます・(はっと)気づく,動,—,標準
bulk-0138,おの,このわたし,名,—,発展
bulk-0139,おのづから(自ら),たまたま・(仮定・推定表現を伴いもしかして),副,—,標準
bulk-0140,おのれ,このわたし,名,—,基礎
bulk-0141,大内山,宮中,名,—,発展
bulk-0142,おほかた(大方)(~打消),まったく(~ない),副,—,発展
bulk-0143,おぼえ(覚え),(世間の)評判・寵愛されること,名,—,発展
bulk-0144,思し召す,お思いになる,敬動,—,発展
bulk-0145,仰す,おっしゃる,敬動,—,発展
bulk-0146,仰せ,お言葉・ご命令,名,—,発展
bulk-0147,おぼつかなし(覚束無し),はっきりしない・気がかりだ・待ち遠しい,形,—,標準
bulk-0148,おほどかなり,おっとりしている,形動,—,発展
bulk-0149,おほとのごもる(大殿籠る),おやすみになる,敬動,—,発展
bulk-0150,おほやけ(公),朝廷・帝,名,—,発展
bulk-0151,おぼゆ(覚ゆ),思われる・思い出される・似る,動,—,標準
bulk-0152,おぼろけならず,並ひととおりではない,慣用句,—,発展
bulk-0153,御前,(神仏や貴人の)お側,名,—,発展
bulk-0154,おもしろし,すばらしい,形,—,基礎
bulk-0155,思はずなり,思いがけない・不満だ,形動,—,発展
bulk-0156,思ほす,お思いになる,敬動,—,発展
bulk-0157,およすく,成長する・大人びる,動,—,基礎
bulk-0158,おろかなり(疎かなり),いい加減だ・並ひととおりだ・(~という言葉では)言い尽くせない,形動,—,標準
bulk-0159,おんのごもる(御殿籠る),おやすみになる,敬動,—,発展
bulk-0160,か,あの人・あれ,名,—,基礎
bulk-0161,かいまみ(垣間見),のぞき見,名,—,発展
bulk-0162,かいまみる(垣間見る),のぞき見る,動,—,発展
bulk-0163,かかり,こうである,動,—,発展
bulk-0164,かかるほどに,こうしているうちに,慣用句,—,発展
bulk-0165,かかれど,こうではあるが,接,—,発展
bulk-0166,かかれば,こうであるので,接,—,発展
bulk-0167,かきくらす(掻き暗す),空を暗くする・悲しみにくれる,動,—,発展
bulk-0168,かぎり(限り),限界・極致・臨終・すべて,名,—,標準
bulk-0169,かぎりなし,この上もない,形,—,標準
bulk-0170,隠る,死ぬ,言い換え語(動),—,発展
bulk-0171,かげ(影・陰),A光・姿 B陰,名,—,標準
bulk-0172,かけて(~打消),まったく・決して(~ない),副,—,発展
bulk-0173,かけても(~打消),まったく・決して(~ない),副,—,発展
bulk-0174,かこつ(託つ),嘆く,動,—,発展
bulk-0175,かごと(託言),言い訳・恨み言,名,—,発展
bulk-0176,かごとがまし,恨みがましい,形,—,発展
bulk-0177,かごとばかり,ほんの少し・形ばかり,慣用句,—,発展
bulk-0178,飾り下ろす,出家する,言い換え語(慣用句),—,発展
bulk-0179,かしこ,あそこ,名,—,基礎
bulk-0180,かしこし(畏し・賢し),おそれ多い・優れている・うまい具合に,形,—,標準
bulk-0181,かしこまる(畏まる),恐縮する・恐縮して正座する,動,—,発展
bulk-0182,頭下ろす,出家する,言い換え語(慣用句),—,発展
bulk-0183,数ならず,ものの数ではない・取るに足りない,慣用句,—,発展
bulk-0184,数にもあらず,ものの数ではない・取るに足りない,慣用句,—,発展
bulk-0185,かたじけなし(忝し),おそれ多い・面目ない,形,—,標準
bulk-0186,かたち(形・容貌),容貌,名,—,標準
bulk-0187,かたちを変ふ,出家する,言い換え語(慣用句),—,標準
bulk-0188,かたへ(片方),半分・傍ら・仲間,名,—,標準
bulk-0189,かたほなり,不完全だ・未熟だ,形動,—,発展
bulk-0190,かたみに(互に),互いに,副,—,標準
bulk-0191,かたらふ(語らふ),語り合う・親しく交際する・(男女が)契る,動,—,基礎
bulk-0192,かづく(被く),A かぶる・(貴人からほうびとして)いただく B (貴人がほうびとして)与える,動,A:カ四 B:カ下二,発展
bulk-0193,かづく(潜く),潜る,動,—,発展
bulk-0194,かづけもの,ほうびの品物,名,—,発展
bulk-0195,かなしうす,かわいがる,動,—,発展
bulk-0196,かなた,あちら,名,—,基礎
bulk-0197,かまへて(~打消・禁止),決して(~ない・~するな)・(意志・命令などの表現を伴い)なんとかして,副,—,発展
bulk-0198,かりそめなり,ほんの一時的である,形動,—,基礎
bulk-0199,かる(離る),離れる,動,—,標準
bulk-0200,消え入る,死ぬ・気絶する,言い換え語(動),—,発展
bulk-0201,聞こえ,噂・評判,名,—,発展
bulk-0202,聞こし召す,お聞きになる・召し上がる,敬動,—,発展
bulk-0203,聞こえさす,申し上げる・(お)~申し上げる,敬動,—,発展
bulk-0204,きは(際),身分,名,—,基礎
bulk-0205,行幸,帝のお出まし,名,—,発展
bulk-0206,消ゆ,死ぬ,言い換え語(動),—,標準
bulk-0207,清げなり,さっぱりとして美しい,形動,—,発展
bulk-0208,清らなり,清らかで美しい,形動,—,発展
bulk-0209,くちをし(口惜し),残念だ,形,—,標準
bulk-0210,くどく(口説く),繰り返し同じことを言う・意中を訴える,動,—,発展
bulk-0211,隈,人目につかない片隅・暗い物陰,名,—,発展
bulk-0212,くまなし(隈無し),陰がない・なんでも知っている,形,—,発展
bulk-0213,雲居,宮中,名,—,発展
bulk-0214,雲の上,宮中,名,—,発展
bulk-0215,くるしからず,不都合ではない・差し支えない,慣用句,—,基礎
bulk-0216,け(故),ため,名,—,発展
bulk-0217,けし(怪し・異し),異様だ,形,—,発展
bulk-0218,けしうはあらず,悪くはない,慣用句,—,発展
bulk-0219,けしうはなし,悪くはない,慣用句,—,発展
bulk-0220,けしからず,よくない,慣用句,—,発展
bulk-0221,けしき(気色),様子・機嫌・意向,名,—,基礎
bulk-0222,気色立つ,様子が外に現れる,動,—,発展
bulk-0223,けしきばかり,ほんの少し・形ばかり,慣用句,—,発展
bulk-0224,気色ばむ,様子が外に現れる,動,—,発展
bulk-0225,けぢめ,違い・隔て・隔たり,名,—,発展
bulk-0226,けに,いっそう,副,—,発展
bulk-0227,げに(実に),(実際)本当に,副,—,標準
bulk-0228,けやけし,際立っている・すばらしい・異様だ,形,—,発展
bulk-0229,見参に入る,(貴人に)お目にかかる・(貴人に)お目にかける,慣用句,—,発展
bulk-0230,こ,この人・これ,名,—,標準
bulk-0231,こうず(困ず),疲れる,動,—,標準
bulk-0232,御幸,上皇のお出まし,名,—,発展
bulk-0233,さはり(障り),支障,名,—,標準
bulk-0234,さはる(障る),差し支える・妨げられる,動,—,標準
bulk-0235,さばれ,どうとでもなれ・それはそうだが,感,—,発展
bulk-0236,さぶらふ(候ふ),(貴人の側に)お仕え申し上げる・あります・(~で)ございます,敬動,—,発展
bulk-0237,さま(様),様子・方法・方角,名,—,標準
bulk-0238,さまばかり,ほんの少し・形ばかり,慣用句,—,発展
bulk-0239,様を変ふ,出家する,言い換え語(慣用句),—,発展
bulk-0240,さらずは,そうでないならば,慣用句,—,発展
bulk-0241,さらで,そうでなくて・それ以外で,慣用句,—,発展
bulk-0242,さらでだに,そうでなくてさえ・ただでさえ,慣用句,—,発展
bulk-0243,さらでは,そうでなくては・そうでなかったら,慣用句,—,発展
bulk-0244,さらでも,そうでなくても,慣用句,—,発展
bulk-0245,さらなり(更なり),言うまでもない,形動,—,標準
bulk-0246,さらに(更に)(~打消),まったく(~ない),副,—,基礎
bulk-0247,さらにもあらず,言うまでもない,慣用句,—,発展
bulk-0248,さらにもいはず,言うまでもない,慣用句,—,標準
bulk-0249,さらぬ(然らぬ・避らぬ),A そうではない B避けられない,連体・慣用句,—,標準
bulk-0250,さり,そうである,動,—,基礎
bulk-0251,さりとて,そうであるといって・だからといって,接,—,基礎
bulk-0252,さりとも,そうではあっても・いくらなんでも,接,—,発展
bulk-0253,さればこそ,思ったとおりだ・案の定だ,慣用句,—,発展
bulk-0254,さればよ,思ったとおりだ・案の定だ,慣用句,—,発展
bulk-0255,しかしながら,そっくりそのまま・すべて,副,—,発展
bulk-0256,しからば,そうであるならば,接,—,発展
bulk-0257,しかり,そうである,動,—,基礎
bulk-0258,しかるに,そうであるのに・ところが,接,—,基礎
bulk-0259,しかるべき,そうなるはずの・ふさわしい・立派な,慣用句,—,発展
bulk-0260,しかるを,そうであるのに・ところが,接,—,発展
bulk-0261,しかれども,そうであるけれども,接,—,発展
bulk-0262,しげし(繁し・茂し),(何かが)多い,形,—,標準
bulk-0263,しだい(次第),順序,名,—,標準
bulk-0264,しな(品),身分・気品,名,—,標準
bulk-0265,しのぶ(忍ぶ・偲ぶ),A我慢する・人目につかないようにする B思い出す,動,—,標準
bulk-0266,しほたる(潮垂る),涙を流す,動,—,発展
bulk-0267,知る,親しく付き合う・男女の交際をする・治める,動,—,基礎
bulk-0268,しるし(著し),はっきりと分かる・~(の)とおりに,形,—,標準
bulk-0269,しるし(験・徴),効き目・ご利益・きざし,名,—,標準
bulk-0270,姿を変ふ,出家する,言い換え語(慣用句),—,発展
bulk-0271,すき(好き),風流の道に熱中すること・色好み,名,—,発展
bulk-0272,すきずきし,風流だ・好色だ,形,—,発展
bulk-0273,さりながら,そうではあるが,接,—,発展
bulk-0274,さりぬべき,そうなるはずの・ふさわしい・立派な,慣用句,—,発展
bulk-0275,さる(避る・去る),A避ける B(その時に)なる,動,—,発展
bulk-0276,さる(然る),しかるべき・立派な,連体,—,発展
bulk-0277,さることにて,言うまでもないことで・ともかくとして,慣用句,—,発展
bulk-0278,さるべき,そうなるはずの・ふさわしい・立派な,慣用句,—,標準
bulk-0279,さるべきにや(ありけむ),そうなるはずの前世からの因縁であったのだ,慣用句,—,発展
bulk-0280,さるものにて,言うまでもないことで・ともかくとして,慣用句,—,発展
bulk-0281,さるほどに,そうしているうちに,接,—,発展
bulk-0282,されば,そうであるから,接,—,発展
bulk-0283,心地,病気・気分(の悪さ),名,—,発展
bulk-0284,九重,宮中,常識語,—,標準
bulk-0285,こころあり,情趣を解する・道理を解する・思いやりがある,慣用句,—,標準
bulk-0286,心憂し,つらい・いやだ,形,—,発展
bulk-0287,心置く,心を留める・気がねする,動,—,発展
bulk-0288,こころぐるし(心苦し),気の毒だ・気がかりだ,形,—,発展
bulk-0289,こころざし(心ざし・志),愛情・お礼の贈り物,名,—,発展
bulk-0290,こころづくし(心尽くし),もの思いをすること,名,—,発展
bulk-0291,こころなし,情趣を解さない・道理を解さない・思いやりがない,形,—,発展
bulk-0292,心の闇,心の迷い・分別を失った親心,慣用句,—,発展
bulk-0293,心ばせ,気だて・心づかい,名,—,発展
bulk-0294,心ばへ,気だて・心づかい,名,—,発展
bulk-0295,心まうけ,心積もり,名,—,発展
bulk-0296,こころもとなし(心許無し),かすかだ・不安だ・じれったい,形,—,標準
bulk-0297,こころやまし,不愉快だ・いらだたしい,形,—,発展
bulk-0298,こころやる,気晴らしをする・得意になる,動,—,発展
bulk-0299,こころゆく,満足する・気が晴れる,動,—,発展
bulk-0300,こころをやる,気晴らしをする・得意になる,慣用句,—,発展
bulk-0301,こしらふ,なだめすかす・説得する,動,—,発展
bulk-0302,こち,こちら,名,—,標準
bulk-0303,こちなし,無作法だ・無骨だ,形,—,発展
bulk-0304,こと(言),言葉・和歌,名,—,標準
bulk-0305,ことごとし,大げさだ,形,—,発展
bulk-0306,ことなり(異なり),異なっている・格別だ,形動,—,発展
bulk-0307,ことに(殊に),特に・とりわけ,副,—,基礎
bulk-0308,ことわり(理),道理,名,—,基礎
bulk-0309,ことわりなり,もっともである・当然である,形動,—,発展
bulk-0310,ことわる,(道理に従って)判断・説明する,動,—,発展
bulk-0311,このかみ(兄),兄・姉・年長者,名,—,発展
bulk-0312,御覧ず,御覧になる,敬動,—,発展
bulk-0313,御覧ぜさす,御覧に入れる・お目に掛ける,敬動,—,発展
bulk-0314,さうなし(双無し),比べるものがない,形,—,発展
bulk-0315,さうなし(左右なし),あれこれ考えない・決着がつかない,形,—,発展
bulk-0316,さうらふ(候ふ),(貴人の側に)お仕え申し上げる・あります・(~で)ございます,敬動,—,発展
bulk-0317,才,(漢学・漢詩文の)教養・(和歌・音楽などの)才能,名,—,発展
bulk-0318,さかし(賢し),優れている・しっかりしている・こざかしい,形,—,発展
bulk-0319,さかしら,利口ぶること・こざかしさ,名,—,発展
bulk-0320,さしいらへ,返事・返答,名,—,発展
bulk-0321,(動詞+)さす,しかけてやめる,接尾,—,発展
bulk-0322,させる,たいした(~ない),連体,—,発展
bulk-0323,さだめて(定めて)(~推量),きっと(~だろう),副,—,発展
bulk-0324,さて(然て),そのまま・そのほか,副,—,標準
bulk-0325,さてしもあらず,そのままにしてはおけない,慣用句,—,発展
bulk-0326,さてしもあるべきことならず,そのままにしてはおけない,慣用句,—,発展
bulk-0327,さながら(然ながら),そのまま・すべて,副,—,発展
bulk-0328,すごし(凄し),気味が悪い・さびしい・(ぞっとするほど)すばらしい,形,—,発展
bulk-0329,すさびごと,慰みごと,名,—,発展
bulk-0330,すさぶ(荒ぶ・進ぶ・遊ぶ),(何かに)興じる・気の向くままに(何かを)する,動,—,発展
bulk-0331,すずろなり(漫ろなり),なんということ(わけ)もない・思いがけない・むやみやたらだ,形動,—,標準
bulk-0332,ずちなし(術無し),どうしようもない,形,—,発展
bulk-0333,すなはち(即ち・則ち・乃ち),すぐに,副,—,標準
bulk-0334,すまふ(争ふ・辞ふ),抵抗する・断る,動,—,発展
bulk-0335,住む,(女のもとに)通う,動,—,基礎
bulk-0336,せ(背),いとしい人,名,—,発展
bulk-0337,せうと(兄人),兄,名,—,発展
bulk-0338,せうそこ(消息),手紙・訪問の申し入れ,名,—,発展
bulk-0339,せきあへず(塞き敢へず),(涙などを)せき止めきれない,慣用句,—,発展
bulk-0340,せちなり(切なり),切実である・大切である,形動,—,発展
bulk-0341,せむかたなし,どうしようもない,形,—,発展
bulk-0342,そ,その人・それ,名,—,基礎
bulk-0343,そこはかとなし,何ということもない,形,—,発展
bulk-0344,そこばく,たくさん,副,—,基礎
bulk-0345,そこら,たくさん・たいそう,副,—,基礎
bulk-0346,そぞろなり(漫ろなり),なんということ(わけ)もない・思いがけない・むやみやたらだ,形動,—,発展
bulk-0347,そち,そちら,名,—,基礎
bulk-0348,そのことなく,これということもなく,慣用句,—,発展
bulk-0349,そばめにかく,横目で見る・軽く見る,慣用句,—,発展
bulk-0350,そらごと(空言・虚言),嘘,名,—,標準
bulk-0351,それがし,だれ,名,—,発展
bulk-0352,た,だれ,名,—,標準
bulk-0353,たいだいし,もってのほかだ・不都合だ,形,—,発展
bulk-0354,当時,現在・その時,名,—,発展
bulk-0355,たうぶ(給ぶ),お与えになる・~なさる,敬動,—,発展
bulk-0356,たぐふ,(四段)添う・(下二段)添わせる,動,—,発展
bulk-0357,たえて(絶えて)(~打消),まったく(~ない),副,—,発展
bulk-0358,絶え入る,死ぬ・気絶する,言い換え語(動),—,発展
bulk-0359,ただならずなる,懐妊する,慣用句,—,発展
bulk-0360,たづき(方便),手段・手がかり,名,—,標準
bulk-0361,尋ぬ,探し求める,動,—,発展
bulk-0362,たのし,裕福だ,形,—,発展
bulk-0363,たのみ,あてにすること・期待,名,—,基礎
bulk-0364,たのむ(頼む),A あてにする B あてにさせる,動,A:マ四 B:マ下二,標準
bulk-0365,たのめ,あてにさせること,名,—,発展
bulk-0366,頼もし,頼みになる・裕福だ,形,—,発展
bulk-0367,たばかる(謀る),工夫する・だます,動,—,発展
bulk-0368,たぶ(給ぶ),お与えになる・~なさる,敬動,—,発展
bulk-0369,たまはす(給はす・賜はす),お与えになる,敬動,—,発展
bulk-0370,たまはる(賜はる・給はる),いただく,敬動,—,基礎
bulk-0371,ためし(例),先例,名,—,標準
bulk-0372,絶ゆ,死ぬ・気絶する,言い換え語(動),—,発展
bulk-0373,たより(頼り・便り),よりどころ・つて・よい機会,名,—,基礎
bulk-0374,たれ,だれ,名,—,基礎
bulk-0375,力なし,どうしようもない・しかたない・どうにもならない,形,—,発展
bulk-0376,ちぎり(契り),約束・宿縁,名,—,標準
bulk-0377,つきなし,似つかわしくない・ふさわしくない,形,—,発展
bulk-0378,つきごろ(月頃),数か月(の間),名,—,発展
bulk-0379,つかうまつる(仕うまつる),お仕え申し上げる・(何かを)し申し上げる・(お)~申し上げる,敬動,—,発展
bulk-0380,つかまつる(仕まつる),お仕え申し上げる・(何かを)し申し上げる・(お)~申し上げる,敬動,—,発展
bulk-0381,つかはす(遣はす),(人や物を)おやりになる,敬動,—,基礎
bulk-0382,ついで(序),序列・機会,名,—,標準
bulk-0383,つつまし,遠慮される・気がひける,形,—,基礎
bulk-0384,つつむ(慎む),遠慮する,動,—,標準
bulk-0385,つま(夫・妻),夫・妻,名,—,基礎
bulk-0386,つま(端),はし・端緒,名,—,標準
bulk-0387,罪,罪・(罪を犯して受ける)罰,名,—,基礎
bulk-0388,つやつや(~打消),まったく(~ない),副,—,発展
bulk-0389,つゆ(露)(~打消),少しも(~ない),副,—,基礎
bulk-0390,つゆけし(露けし),涙がちだ,形,—,発展
bulk-0391,つらし(辛し),薄情だ,形,—,標準
bulk-0392,つれづれなり(徒然なり),退屈である・ものさびしい,形動,—,標準
bulk-0393,手習ひ,習字・心に浮かぶ歌などを書き流すこと,名,—,発展
bulk-0394,とが(咎・科),欠点・罪,名,—,発展
bulk-0395,とかう,あれこれと,副,—,基礎
bulk-0396,とかく,あれこれと,副,—,基礎
bulk-0397,ときしもあれ,ほかに時もあろうに・よりによってこんな時に,慣用句,—,発展
bulk-0398,ときにあふ,ちょうどよい時期に出会う・時流に乗って栄える,慣用句,—,発展
bulk-0399,ときめかす,寵愛する,動,—,標準
bulk-0400,ときめく(時めく),寵愛を受ける・栄える,動,—,標準
bulk-0401,ところえ(所得),よい地位を得る・得意になる,慣用句,—,発展
bulk-0402,ところせし(所狭し),窮屈だ,形,—,発展
bulk-0403,とし(疾し),早い,形,—,標準
bulk-0404,としごろ(年頃・年比・年来),長年,名,—,発展
bulk-0405,とはおろかなり,(~という言葉では)言い尽くせない,慣用句,—,発展
bulk-0406,とばかり,ちょっとの間・しばらく,副,—,発展
bulk-0407,問ふ,訪ねる,動,—,発展
bulk-0408,とぶらふ(訪ふ・弔ふ),A訪ねる・見舞う B弔う,動,—,標準
bulk-0409,とは世の常なり,(~という言葉では)言い尽くせない,慣用句,—,標準
bulk-0410,とみなり(頓なり),急だ,形動,—,標準
bulk-0411,とみに,急に・すぐに,副,—,基礎
bulk-0412,ともかくもなる,死ぬ,言い換え語(慣用句),—,発展
bulk-0413,とりあへず,すぐに,副,—,基礎
bulk-0414,な,あなた,名,—,発展
bulk-0415,名,評判,名,—,標準
bulk-0416,な~そ,(~する)な・(~し)てはならない,副,—,発展
bulk-0417,なかなか,かえって,副,—,基礎
bulk-0418,なかなかなり(中々なり),中途半端だ・かえってしないほうがよい・かえってしないほうがましだ,形動,—,発展
bulk-0419,ながむ(眺む・詠む),A もの思いに沈む B (漢詩や和歌を)口ずさむ,動,—,発展
bulk-0420,なさけあり,情趣を解する・道理を解する・思いやりがある,慣用句,—,発展
bulk-0421,なさけなし,情趣を解さない・道理を解さない・思いやりがない,形,—,発展
bulk-0422,なじかは,どうして(~か),副,—,発展
bulk-0423,なぞ(何ぞ),どうして(~か),副,—,発展
bulk-0424,なでふ,A なんという B どうして,連体・副,—,発展
bulk-0425,などか,どうして(~か),副,—,発展
bulk-0426,などて,どうして(~か),副,—,発展
bulk-0427,などもおろかなり,(~という言葉では)言い尽くせない,慣用句,—,発展
bulk-0428,などもよの常なり,(~という言葉では)言い尽くせない,慣用句,—,発展
bulk-0429,なに(何),どうして,副,—,発展
bulk-0430,名に負ふ,名前を持つ・有名である,慣用句,—,発展
bulk-0431,なにか(何か),どうして,副,—,発展
bulk-0432,なにがし,だれ,名,—,発展
bulk-0433,何かはせむ,いったい何になろうか・何にもならない,慣用句,—,発展
bulk-0434,名にし負ふ,名前を持つ・有名である,慣用句,—,発展
bulk-0435,なにしに(何しに),どうして,副,—,発展
bulk-0436,なのめなり(斜めなり),並ひととおりだ・いい加減だ・並ひととおり,形動,—,発展
bulk-0437,なのめならず,並ひととおりではない,慣用句,—,発展
bulk-0438,なべてならず,並ひととおりでない,慣用句,—,発展
bulk-0439,なほ(猶),なんといってもやはり・それでもやはり,副,—,基礎
bulk-0440,なほざりなり,本気でない・いい加減だ,形動,—,発展
bulk-0441,なまめく,落ち着いて上品だ・若くみずみずしい,動,—,標準
bulk-0442,なやむ(悩む),病気になる,動,—,標準
bulk-0443,ならひ(慣らひ),習慣,名,—,標準
bulk-0444,ならふ(慣らふ・馴らふ),慣れる・なじむ,動,—,標準
bulk-0445,なれ,あなた,名,—,標準
bulk-0446,なんぢ,あなた,名,—,標準
bulk-0447,なんでう(何条),A なんという B どうして,連体・副,—,発展
bulk-0448,なんでふ,A なんという B どうして,連体・副,—,発展
bulk-0449,二なし,この上もない,形,—,発展
bulk-0450,にくし,気にくわない・いやだ,形,—,基礎
bulk-0451,にほひ(匂ひ),美しい色つや・香り,名,—,標準
bulk-0452,にほふ(匂ふ),美しく映える,動,—,標準
bulk-0453,のがり,~のもとへ,慣用句,—,発展
bulk-0454,のたまふ(宣ふ),おっしゃる,敬動,—,発展
bulk-0455,のたまはす(宣はす),おっしゃる,敬動,—,発展
bulk-0456,ねんず(念ず),我慢する,動,—,基礎
bulk-0457,ねんごろなり(懇ろなり),心を込めている・親密だ,形動,—,標準
bulk-0458,ねもごろなり(懇ろなり),心を込めている・親密だ,形動,—,発展
bulk-0459,音を泣く,声を上げて泣く,慣用句,—,発展
bulk-0460,音に泣く,声を上げて泣く,慣用句,—,発展
bulk-0461,ねたし(妬し),くやしい,形,—,標準
bulk-0462,はかなくなる,死ぬ,言い換え語(慣用句),—,発展
bulk-0463,はかる(謀る),企てる・だます,動,—,基礎
bulk-0464,~ばこそあらめ,~ならばともかく(実際はそうではない),慣用句,—,発展
bulk-0465,はしたなむ,恥ずかしい思いをさせる,動,—,発展
bulk-0466,はた,また・やはり,副,—,基礎
bulk-0467,はづかし(恥づかし),立派だ,形,—,標準
bulk-0468,はべり(侍り),(貴人の側に)お仕え申し上げる・あります・(~で)ございます,敬動,—,発展
bulk-0469,はらから(同胞),兄弟,名,—,標準
bulk-0470,ひがごと(僻事),間違い,名,—,標準
bulk-0471,ひがひがし,ひねくれている・風流心がない,形,—,標準
bulk-0472,ひぐらし(日暮らし),一日中,副,—,標準
bulk-0473,ひごろ(日頃),数日(の間),名,—,標準
bulk-0474,人となる,一人前になる・正気に戻る,慣用句,—,発展
bulk-0475,一日(ひとひ),一日中,名,—,標準
bulk-0476,ひとやりならず,自分のせいである・他人からさせられるのではない,慣用句,—,発展
bulk-0477,ひとわろし(人悪し),みっともない,形,—,発展
bulk-0478,ひねもす(終日),一日中,副,—,発展
bulk-0479,ひま(隙・暇),すき間・合間,名,—,標準
bulk-0480,日一日,一日中,名,—,発展
bulk-0481,びんなし(便無し),不都合だ・気の毒だ,形,—,発展
bulk-0482,ふびんなり(不便なり),不都合だ・気の毒だ,形動,—,発展
bulk-0483,ふみ(文・書),手紙・漢詩,名,—,標準
bulk-0484,ふるさと(古里・故郷),なじみの土地・(家を離れた人にとって)わが家,名,—,標準
bulk-0485,ほど(程),ころ・広さ・身分・様子,名,—,基礎
bulk-0486,ほだし(絆),障害となるもの,名,—,発展
bulk-0487,ほいなし(本意なし),残念だ,形,—,標準
bulk-0488,ほい(本意),かねてからの願い,名,—,標準
bulk-0489,まうく(設く),用意する,動,—,基礎
bulk-0490,まうけ,用意・もてなし,名,—,標準
bulk-0491,まうけの君,皇太子,名,—,発展
bulk-0492,まうづ(詣づ),参上する,敬動,—,発展
bulk-0493,まかづ(罷づ),(貴所から)退出する,敬動,—,発展
bulk-0494,まかる(罷る),(貴所から)退出する,敬動,—,発展
bulk-0495,まこと(真),真実,名,—,標準
bulk-0496,ます,いらっしゃる・~(て)いらっしゃる,敬動,—,基礎
bulk-0497,ましま(す),いらっしゃる・~(て)いらっしゃる,敬動,—,基礎
bulk-0498,まだき,早くも,副,—,発展
bulk-0499,またし(全し),完全だ,形,—,発展
bulk-0500,まだし(未し),まだ早い,形,—,発展
bulk-0501,又なし,この上もない,形,—,発展
bulk-0502,またの,次の,慣用句,—,基礎
bulk-0503,まどふ(惑ふ),迷う・ひどく(~する),動,—,標準
bulk-0504,まねぶ(学ぶ),まねる・(見聞きした物事をそのまま)伝える,動,—,標準
bulk-0505,まぼる(守る),見つめる・監視する,動,—,発展
bulk-0506,~ままに,~(する)とすぐに・~ので・~につれて,慣用句,—,発展
bulk-0507,まめなり(実なり・忠実なり),まじめである・実用的である,形動,—,標準
bulk-0508,まめまめし,まじめだ・実用的だ,形,—,発展
bulk-0509,まめやかなり(実やかなり・忠実やかなり),まじめである・実用的である,形動,—,発展
bulk-0510,まもる(守る),見つめる・監視する,動,—,標準
bulk-0511,まろ,このわたし,名,—,発展
bulk-0512,まゐる(参る),参上する・(貴人に何かをして)差し上げる・(お)~申し上げる・召し上がる,敬動,—,基礎
bulk-0513,みいだす(見出だす),外を見る,動,—,発展
bulk-0514,見入る,外から中を見る,動,—,発展
bulk-0515,御髪下ろす,出家する,言い換え語(慣用句),—,発展
bulk-0516,みそかなり(密かなり),ひそかに,形動,—,発展
bulk-0517,みづから(自ら),わたし・その人自身,名,—,標準
bulk-0518,身罷る,死ぬ,言い換え語(動),—,発展
bulk-0519,みめ(見目),見た目・容貌,名,—,標準
bulk-0520,みゆき(行幸・御幸),帝や上皇のお出まし,名,—,発展
bulk-0521,昔の人,亡くなった人・昔の知人,慣用句,—,発展
bulk-0522,むくつけし,気味が悪い・恐ろしい・無骨だ,形,—,発展
bulk-0523,むげなり(無下なり),ひどい・ひどく,形動,—,発展
bulk-0524,むすぶ(結ぶ・掬ぶ),A できる B (両手で水などを)すくう,動,—,基礎
bulk-0525,むつかる,不愉快に思う,動,—,基礎
bulk-0526,むなしくなる,死ぬ,言い換え語(慣用句),—,発展
bulk-0527,むべなり(宜なり),もっともだ,形動,—,標準
bulk-0528,むべ(宜),なるほど,副,—,標準
bulk-0529,めざまし(目覚まし),気にくわない・すばらしい,形,—,発展
bulk-0530,目もあやなり,まぶしいほど立派だ,慣用句,—,発展
bulk-0531,めやすし(目安し),(見た目の)感じがよい,形,—,標準
bulk-0532,もとどり切る,出家する,言い換え語(慣用句),—,標準
bulk-0533,求む,探す,動,—,標準
bulk-0534,ものぐるほし,正気を失ったようだ,形,—,発展
bulk-0535,ものし,不快だ・見苦しい,形,—,発展
bulk-0536,ものす(物す),(ものごとを)する・いらっしゃる,動,—,標準
bulk-0537,ものもおぼえず,呆然としている,慣用句,—,発展
bulk-0538,百敷,宮中,常識語,—,発展
bulk-0539,やう(様),様子・理由・方法・~ことには,名,—,標準
bulk-0540,やうやう(漸う),だんだん・しだいに,副,—,標準
bulk-0541,やうやく(漸く),だんだん・しだいに,副,—,標準
bulk-0542,~やおそきと,~(する)とすぐに,慣用句,—,標準
bulk-0543,やくなし(益なし),かいがない・むだだ,形,—,標準
bulk-0544,やごとなし,高貴だ・並々でない,形,—,発展
bulk-0545,やさし(恥し・優し),優美だ・上品だ・殊勝だ,形,—,標準
bulk-0546,めづらし,すばらしい,形,—,基礎
bulk-0547,めづ(愛づ),愛する・感嘆する,動,—,発展
bulk-0548,やすらふ(休らふ),ためらう・立ち止まる,動,—,発展
bulk-0549,やつる,目立たない服装(様子)になる,動,—,発展
bulk-0550,やはら(柔ら・和ら),そっと,副,—,発展
bulk-0551,やむ(止む),(そのまま)終わる,動,—,標準
bulk-0552,やや,しだいに,副,—,基礎
bulk-0553,やらん,~であろうか,慣用句,—,発展
bulk-0554,やるかたなし(遣る方なし),(心を)晴らしようがない・どうしようもない,形,—,発展
bulk-0555,やる(遣る),(物を)送る・~きれない,動,—,標準
bulk-0556,やる(破る),破る,動,—,発展
bulk-0557,やをら(柔ら・和ら),そっと,副,—,発展
bulk-0558,やんごとなし,高貴だ・並々でない,形,—,発展
bulk-0559,ゆめ(~打消・禁止),決して(~ない)・決して(~するな),副,—,発展
bulk-0560,ゆめゆめ(~打消・禁止),決して(~ない)・決して(~するな),副,—,発展
bulk-0561,ゆゑ(故),理由・風情・由緒,名,—,標準
bulk-0562,世(よ),男女の仲・夫婦の仲,名,—,標準
bulk-0563,よし(由),風情・由緒・手立て・こと,名,—,標準
bulk-0564,よしあり,由緒・教養がある・風情がある,慣用句,—,発展
bulk-0565,よしづく,由緒ありげな振る舞いや様子をする,動,—,発展
bulk-0566,よしなし(由無し),つまらない・関係がない,形,—,標準
bulk-0567,よしなしごと,つまらないこと,名,—,標準
bulk-0568,よしばむ,由緒ありげな振る舞いや様子をする,動,—,発展
bulk-0569,世にあり,この世に生きている・世間に認められている,慣用句,—,発展
bulk-0570,よに(~打消),まったく(~ない)・(打消を伴わないで)実に,副,—,基礎
bulk-0571,世の中,男女の仲・夫婦の仲,名,—,発展
bulk-0572,よばふ(呼ばふ),呼び続ける・求婚する,動,—,発展
bulk-0573,夜一夜,一晩中,名,—,発展
bulk-0574,よろこび(喜び),(昇進・任官の)お礼,名,—,発展
bulk-0575,よろこび申し,お礼を申し上げること,名,—,発展
bulk-0576,よろづ(万),さまざま・何ごとにつけても,名,—,基礎
bulk-0577,世を出づ,出家する,言い換え語(慣用句),—,発展
bulk-0578,世を厭ふ,出家する,言い換え語(慣用句),—,発展
bulk-0579,世を捨つ,出家する,言い換え語(慣用句),—,発展
bulk-0580,世を背く,出家する,言い換え語(慣用句),—,発展
bulk-0581,世を遁る,出家する,言い換え語(慣用句),—,発展
bulk-0582,世を離る,出家する,言い換え語(慣用句),—,発展
bulk-0583,らうがはし,騒がしい・乱雑だ,形,—,発展
bulk-0584,らうたげなり,かわいらしい,形動,—,発展
bulk-0585,らうらうじ(労労じ),巧みだ・上品だ,形,—,発展
bulk-0586,例ならず,いつもではない・体調がいつもどおりでない,慣用句,—,発展
bulk-0587,例の,いつものように・いつもの,慣用句,—,標準
bulk-0588,料,ため,名,—,発展
bulk-0589,ろく(禄),ほうび,名,—,標準
bulk-0590,わ,このわたし,名,—,標準
bulk-0591,わきがたし,理解しがたい,形,—,発展
bulk-0592,わく(分く),理解する,動,—,標準
bulk-0593,わざ(業),こと・葬儀,名,—,標準
bulk-0594,わざとならず,ことさらではない,慣用句,—,発展
bulk-0595,私,個人的なこと,名,—,発展
bulk-0596,わたす,移す,動,—,基礎
bulk-0597,わたる(渡る),通る・いらっしゃる・~続ける・一面に(~する),動,—,基礎
bulk-0598,わづらふ,苦しむ・~しかねる,動,—,基礎
bulk-0599,わびし(侘びし),苦しい,形,—,標準
bulk-0600,わぶ(侘ぶ),困る・嘆く・~かねる,動,—,標準
bulk-0601,われ,このわたし,名,—,基礎
bulk-0602,われかにもあらず,呆然としている,慣用句,—,発展
bulk-0603,われかひとか,呆然としている,慣用句,—,発展
bulk-0604,ゐる(居る・率る),A座る・~ている B連れる,動,—,発展
bulk-0605,をこ,愚かなこと,名,—,基礎
bulk-0606,をこがまし,ばかばかしい,形,—,発展
bulk-0607,をこなり(痴なり・烏許なり・尾籠なり),愚かだ・ばかばかしい,形動,—,発展
bulk-0608,をさをさ(~打消),ほとんど(~ない),副,—,基礎
bulk-0609,をさをさし(長長し),しっかりしている,形,—,発展
bulk-0610,男手,漢字,名,—,発展
bulk-0611,男になる,男子が元服して一人前になる,慣用句,—,発展
bulk-0612,女手,平仮名,名,—,発展
